,A,B,C,D
2000-01-01,-0.9273998638927943,-0.07846281224436193,0.8274920869994724,0.7108431402808674
2000-01-02,0.5263765350249319,-0.9871402566056969,0.5977180275115623,0.9213848079001264
2000-01-03,-0.15815869025266538,-1.1481427145704515,0.9681341468667648,0.06204980734891541
2000-01-04,0.27858657158821826,-1.04121390669505,-0.3336612677553257,-0.6418744158050216
2000-01-05,-1.1787159023851685,-1.0278351130581838,0.8469830087143451,-0.16355727090979855
2000-01-06,-1.202491350612057,-1.2610028802911524,0.9157830236101544,1.0550677673635607
2000-01-07,-1.4982865643493617,-1.3929429199676544,1.6157959435021052,0.8048230452457636
2000-01-08,-1.6359204613419789,-1.6252119125198161,1.7922830469010171,1.2470685178857488
2000-01-09,-0.3596121286696732,-2.601835833035152,1.4325913618159491,-0.7870489892247978
2000-01-10,-1.377851929918703,-3.89677676814972,3.3227599074845484,-0.6985026183208555
2000-01-11,-3.43343330861047,-4.970410152350118,3.5826052431953674,0.6867546377761783
2000-01-12,-4.085658244832825,-4.3467620870699735,2.4352014338605583,1.5265297397782545
2000-01-13,-3.9382025450963396,-4.288990604325389,2.3565186390827266,0.6626762365056766
2000-01-14,-3.5848948352732335,-6.483408251239414,0.9474245604992251,0.1313951687511532
2000-01-15,-2.962378033726141,-5.1156738060940725,1.6699622601986088,2.1573815214638845
2000-01-16,-3.6576445703180687,-5.832251120311516,0.7797139539914608,1.826395755664284
2000-01-17,-4.424577941033739,-6.1263460354276535,2.5361528148497863,1.5564141606624444
2000-01-18,-3.050294723762743,-6.8851688535345295,1.2940457111328054,1.9692224403660146
2000-01-19,-2.4731075291623217,-6.96114670512773,1.4639468744128514,1.7427897714681357
2000-01-20,-3.5615821408769053,-8.732877860445345,0.7520439194847204,2.5121141072356457
2000-01-21,-3.628798958900214,-8.908288093610672,1.58270426813742,0.6787897020354154
2000-01-22,-2.779524569186542,-9.354075431223777,0.9017096150611897,0.6987268047117662
2000-01-23,-2.695714151567935,-8.390793081436223,1.2497507925608624,-0.24141181206532847
2000-01-24,-2.465991378999746,-8.85043816379652,2.0983650350749583,0.7521247281987873
2000-01-25,-2.708955330243582,-10.221373730664789,0.684956047287393,0.08805955885915129
2000-01-26,-3.666074245717022,-9.936984858077327,-0.8055175571381961,0.6062893483298671
2000-01-27,-3.826772567420309,-11.552046058124837,-0.30021824473442593,-0.3813629856993741
2000-01-28,-2.8246109271901854,-10.779100532197017,-2.020937120687707,-0.46826982629903424
2000-01-29,-3.8117034693791654,-11.439760761674965,-1.5489027312350137,0.2807301450163048
2000-01-30,-2.786042454256764,-10.376564590359537,-2.5924515720528554,2.3418315927613236
2000-01-31,-2.8359307996591285,-9.713373878853654,-2.2852975100120174,1.9984082397051681
2000-02-01,-3.195950113919034,-8.064323263382358,-3.8057226985299177,1.2591933960562989
2000-02-02,-4.2398165795482186,-6.96499893958348,-4.660775685575368,1.9440815687470199
2000-02-03,-3.0120638629492986,-9.490159781992212,-5.614332662551268,2.041480525656226
2000-02-04,-3.3795738213284965,-8.120137832754686,-4.970977847173845,0.3242629349083139
2000-02-05,-3.4167998088349356,-7.032482760839164,-3.647949947818769,-1.3693233212548557
2000-02-06,-3.8189510560659623,-5.993918902748545,-1.5265926937653442,-2.021533869121975
2000-02-07,-3.0027204055521097,-8.46985396014006,-3.5340460582299524,-3.425238167512399
2000-02-08,-1.332991153816986,-8.249139457569644,-4.1388140695768145,-2.4450059334033933
2000-02-09,-0.4540451296470923,-5.898634396635211,-5.737041077865181,-3.1220585253357838
2000-02-10,0.05500419109206234,-6.988982503038732,-5.0934586082707,-4.263794468555641
2000-02-11,0.37813524709709456,-7.161950667247063,-4.044831569673272,-2.149368333349951
2000-02-12,0.7421935003047131,-7.674574791745877,-3.9481944513423137,-2.2440511908740515
2000-02-13,0.9588279096026998,-8.079838698884291,-3.3513892492255044,-2.4693843305440466
2000-02-14,2.210946221310429,-8.401400590045368,-5.008990946698002,-3.0596134385380447
2000-02-15,1.7251437925307904,-8.158285310869289,-6.387699015207954,-1.1367845131628986
2000-02-16,2.0749728929127427,-7.306076855400339,-7.433683759031596,-0.29071884424005223
2000-02-17,3.1583041543874946,-7.767751229931057,-8.948770500733904,-1.6577045216672626
2000-02-18,1.8558829459969364,-5.831584942518825,-9.553879597292621,-2.6196864606576487
2000-02-19,2.188853368367899,-6.246961602375831,-9.687631782785237,-3.203152647131677
2000-02-20,1.3623327817184312,-7.227483687969115,-9.600327242489213,-4.151424981409725
2000-02-21,2.5176812177813144,-7.3813862298180535,-9.675645575077347,-3.7491179110875796
2000-02-22,3.780758269752935,-4.8777258456940285,-11.10056097904891,-4.59097916366986
2000-02-23,3.936965562726057,-5.659038760418766,-12.487518949721272,-3.9686379452313822
2000-02-24,4.309280200729156,-6.046809620921596,-13.09071742071432,-2.4798714543552447
2000-02-25,5.190893454347936,-5.3655811727564995,-10.974081067735401,-4.710682910588442
2000-02-26,5.694092718247003,-6.408351349602442,-10.553880271177077,-4.649278682559231
2000-02-27,4.657640848602722,-8.431043228285336,-9.853337211391002,-5.774491989807119
2000-02-28,4.806614062043204,-8.35430973401544,-9.761676882322039,-4.6993484626028525
2000-02-29,3.5779916473806646,-10.28554538431523,-10.036440963126712,-6.209659449633914
2000-03-01,3.724426597505921,-11.03014182981691,-9.48434764600824,-5.3877953885090974
2000-03-02,6.075159944086812,-11.087273028616277,-9.141450500074662,-6.196846957797928
2000-03-03,5.703450580316459,-10.965691277136107,-10.886466083452067,-5.533104752841259
2000-03-04,5.6041723220449375,-10.848485359569594,-11.136969492701557,-5.823164081090745
2000-03-05,7.517225927581087,-10.881360109565554,-11.882472994522775,-6.617762334108837
2000-03-06,6.227811854099699,-10.521327223127965,-10.155225835044355,-6.7685659722253
2000-03-07,6.882905480761828,-8.343565217772811,-11.777358944608086,-7.973296402186758
2000-03-08,6.386393441853321,-8.286030387706028,-12.389935320625105,-7.5943176123920555
2000-03-09,7.078191201282427,-8.389998551927716,-13.627480051890002,-8.216541333381738
2000-03-10,7.382803806356548,-10.760024926514841,-15.786386560755622,-8.438084165218413
2000-03-11,5.574141016240712,-10.445933969244795,-16.750634742240322,-9.545658918519186
2000-03-12,5.988741637775861,-11.722845941960147,-17.296349212280774,-10.363029415965354
2000-03-13,6.235065518167799,-11.714597451650738,-17.753801839340245,-10.879439912836368
2000-03-14,7.8511443307230815,-11.936685446596687,-18.726531665985796,-11.19869497111201
2000-03-15,6.754204272747707,-13.311223932113124,-18.513433954271708,-10.203803445826326
2000-03-16,6.9203478204502735,-14.23559804565009,-18.341316359567145,-9.875667770289464
2000-03-17,6.464454654266997,-13.540805552708857,-17.837003387694235,-7.959113839323468
2000-03-18,6.358749727436715,-12.530353292193858,-16.943969012103736,-7.18781475575414
2000-03-19,6.0286647348958855,-12.092783682423951,-15.849209390976208,-8.257109900015445
2000-03-20,6.589907210897453,-12.123754834505554,-14.391681106514204,-8.289016840273037
2000-03-21,7.478815177828001,-11.173081124958557,-14.219435434975715,-7.837534002999579
2000-03-22,6.131105228798538,-11.08456234436104,-13.949909920283112,-8.15734523045544
2000-03-23,4.225660371099292,-11.109668411513246,-14.671583737237423,-7.156457467713981
2000-03-24,3.576948477384929,-10.337552722237664,-14.912256193719974,-6.929305847376585
2000-03-25,3.7141808422344997,-11.057320465689385,-16.240133964238982,-5.203107918484006
2000-03-26,4.02120777742659,-11.448246755268483,-16.37980669385992,-4.534974375160206
2000-03-27,5.914823317777868,-12.33134487585781,-15.532886998373964,-2.938914788291517
2000-03-28,6.2706600701183675,-12.742565728860667,-13.265155287593608,-4.088498984268941
2000-03-29,5.533973702398997,-11.722742489728075,-12.187899190639273,-3.0761786168470904
2000-03-30,5.299022910013721,-12.892408071857904,-11.439958947213537,-2.683538938115828
2000-03-31,5.59350748888289,-12.998961506924672,-11.421590663086317,-2.702924699998607
2000-04-01,4.579333450558169,-14.780050515811334,-12.567699738285427,-3.325460325447716
2000-04-02,4.780704202065134,-15.210012242475978,-12.373976223827283,-4.166480372132141
2000-04-03,5.640338503812975,-14.754001043009215,-13.598234394180066,-4.5388100378116105
2000-04-04,5.56358998514417,-16.194957443281062,-15.016912846537524,-3.732283401493975
2000-04-05,3.8575602531056443,-17.24750184465954,-16.219404966825277,-4.837369300367959
2000-04-06,4.596614250112912,-16.69435873634696,-16.58018653432306,-5.43095263326464
2000-04-07,3.889943707085266,-17.184588244467477,-16.328028310161834,-4.094242421980478
2000-04-08,3.349332791124385,-17.718674642862286,-15.836988227227096,-4.944671545748141
2000-04-09,4.608013948824623,-17.643078887103698,-16.703302706862242,-5.537746295780642
2000-04-10,4.190373660107215,-18.21637835164624,-17.503719005233954,-6.210678985462173
2000-04-11,4.4710667676995675,-18.70717088483628,-15.579581038042248,-6.011900522011005
2000-04-12,5.426030288021008,-19.849809136074118,-14.633898722264993,-6.572737768130576
2000-04-13,4.870449109321034,-18.990475867044555,-16.324891972379774,-4.989791714412866
2000-04-14,6.6005413189847815,-17.86530607860129,-17.391582018729814,-4.466486837533602
2000-04-15,6.7890616597380555,-17.60754596813235,-16.55390763438247,-5.417444328938822
2000-04-16,6.842716036169608,-16.191542834021046,-16.523581602497856,-5.692586421210257
2000-04-17,7.479028423134732,-15.746085399350113,-16.708386506671424,-6.735652888171122
2000-04-18,7.346094080032735,-15.813490354723523,-17.64407397240679,-6.39815713190013
2000-04-19,6.168014377885626,-17.335180647303464,-17.05204324831403,-6.309633738476442
2000-04-20,5.59149229131448,-15.834470277717125,-15.390467798091438,-4.609391858340852
2000-04-21,5.320057383889212,-16.469293352390284,-12.96485246193456,-5.315099328882136
2000-04-22,6.517669010429696,-16.590479057089325,-13.941386237898021,-4.246343820442175
2000-04-23,6.6982994957995095,-17.50966351092187,-13.75131056060628,-4.256170579319754
2000-04-24,7.323854773973631,-16.84489409460044,-13.628358373313523,-5.48853879868377
2000-04-25,8.516759713454157,-15.029098349625848,-14.010330029633565,-5.493118694177302
2000-04-26,9.100912423989318,-14.146189843673632,-14.254273333774961,-5.553537548832668
2000-04-27,10.116600722847982,-13.820350893429039,-15.20976633299286,-6.781360480821977
2000-04-28,10.166573635795269,-12.859445123813726,-15.797796083286885,-4.75616725475048
2000-04-29,11.165396249986406,-12.79454887174194,-15.045980362843533,-4.211146266934822
2000-04-30,10.431267654398336,-13.144690369390007,-14.296237046015502,-4.662908836754967
2000-05-01,11.59474373318809,-12.430738145105133,-13.633856675818304,-5.380806758469305
2000-05-02,10.630515510959476,-12.918373874333126,-12.865982337337503,-7.122669654644307
2000-05-03,11.485158880127125,-13.531430819216318,-14.67381836086846,-7.829845269373265
2000-05-04,12.27609861530904,-11.949625934641805,-14.51603703733968,-8.273762786695366
2000-05-05,11.32821302775265,-10.516687061088405,-13.822403739223043,-7.950489186209334
2000-05-06,9.78906703864239,-10.47997321109756,-14.011838158582478,-8.720207934743085
2000-05-07,10.976540964096511,-9.084636941436921,-13.76921012299983,-9.517667030690028
2000-05-08,10.29936562577733,-10.331544568002426,-15.887020555512215,-10.409009994937199
2000-05-09,10.882044278385715,-9.276842927476837,-15.67565090470226,-10.378816089194519
2000-05-10,11.5970375763941,-10.562522891220473,-14.157705902907152,-10.717215068198191
2000-05-11,12.4827229753873,-9.330305492313432,-15.620217727687407,-10.79583231230729
2000-05-12,11.87497083209059,-9.44965369620655,-14.435458078662654,-11.733754204746656
2000-05-13,12.396639598952031,-7.392673573062979,-13.958012440095416,-11.022187397569597
2000-05-14,13.222470329234522,-6.2607561585142815,-14.26878988383146,-9.138714600063643
2000-05-15,13.229471700513473,-7.94087726635199,-13.269250363082694,-9.35971122165212
2000-05-16,12.545816242101477,-7.315043525010486,-14.027583332421413,-9.72151251966777
2000-05-17,12.860404493810268,-7.9426170304724035,-12.205150171138413,-8.969936535775153
2000-05-18,12.589532060555243,-7.110504537454406,-12.266811869003023,-10.324824537082339
2000-05-19,13.55313188130465,-6.154249270367822,-10.732096345164369,-11.08147790288818
2000-05-20,12.154944269391855,-5.6724025905057465,-11.037797161946568,-11.920807849473727
2000-05-21,12.526512132733249,-5.723197729094439,-10.95976887456362,-11.793637247968878
2000-05-22,13.891509058356332,-5.826161981044306,-10.260720677403016,-10.425283073414985
2000-05-23,13.60915050323432,-6.34305064478638,-10.95374594741932,-11.062204575925852
2000-05-24,14.249437887944469,-6.4540489650394335,-11.680710216408318,-11.870341684052077
2000-05-25,15.134707955012543,-7.215440306497407,-11.36593049704121,-12.700942114196195
2000-05-26,16.391669000702954,-7.0491276028967285,-9.495898010482785,-14.213628983895807
2000-05-27,17.390434306239133,-7.472714112199602,-10.261114960110453,-14.218841404635919
2000-05-28,18.107338588407018,-7.440235216238512,-9.316518780237958,-12.165462485037931
2000-05-29,18.161509349855258,-8.500301807203734,-9.474545708952776,-11.443654422675342
2000-05-30,18.9891741717834,-9.210891727976655,-10.880478127043586,-11.458067163483987
2000-05-31,20.654136741983223,-9.09750942681809,-9.725761652847629,-12.712641095596114
2000-06-01,20.60324576783249,-10.015302897058765,-10.526170992204834,-12.071407454966092
2000-06-02,20.530550856242826,-8.846267925750439,-9.88826033831331,-11.431840692776804
2000-06-03,21.29316367573106,-8.802780028806458,-7.957324474337406,-11.3628443294483
2000-06-04,21.014025906072856,-9.058527533279968,-7.553629919030438,-11.66951150093015
2000-06-05,21.37022300276407,-8.422823225461272,-6.880717539168584,-11.807101874341457
2000-06-06,21.604265269907312,-8.524665439271338,-7.657004899094454,-11.831203310426599
2000-06-07,22.070684603263246,-8.853259257794543,-7.487637767708664,-11.429366293700937
2000-06-08,23.535877744863186,-7.567130302892236,-7.5200907771807985,-10.400777029781581
2000-06-09,24.79329345306995,-6.8959088565553825,-7.061577628956376,-9.86588156178488
2000-06-10,23.4344782329057,-5.117428908236299,-7.860913781402036,-7.890981630614824
2000-06-11,21.946573959200084,-6.020321222832667,-6.602173924242603,-8.31951507069792
2000-06-12,21.383982108604105,-5.725827954595857,-6.882485375256392,-9.886224819619281
2000-06-13,21.593561831567584,-5.552281325268631,-7.864338801766681,-11.623914664688282
2000-06-14,22.927145138183832,-3.988912866262064,-6.944498589149978,-11.324736168283819
2000-06-15,21.76953223567276,-3.556533131062495,-8.843985563229896,-11.318928218461041
2000-06-16,22.896390392257317,-5.282486468540991,-7.722970047428836,-12.151760788216091
2000-06-17,23.28106619866529,-5.863781721734007,-6.118844703434755,-13.361399246691066
2000-06-18,23.43056136174616,-5.929897635766274,-5.484944226192281,-12.972523867034711
2000-06-19,23.84690772081092,-5.930617046036774,-4.205822001828205,-13.105085432945733
2000-06-20,23.24835536969238,-6.135885958256108,-5.130116338828631,-13.472757845817005
2000-06-21,22.59687198997497,-7.846176613265033,-5.17005562785762,-15.205742938398348
2000-06-22,23.039508996969513,-8.051534815628596,-6.400752767151989,-14.307979432090125
2000-06-23,24.460737667521578,-6.828511313412344,-6.948107288213612,-13.700688746650666
2000-06-24,23.642976965581617,-6.480316891125695,-8.372936856768415,-12.514906164067716
2000-06-25,25.174752760244118,-6.843105997028308,-9.88832117998503,-14.415502549072993
2000-06-26,25.403483249601276,-3.2923574105014555,-8.2374394523297,-13.825290217640825
2000-06-27,25.250929282324137,-4.4197517595477995,-8.671560950235023,-15.431871888766628
2000-06-28,26.76061160340453,-2.8137997759005238,-8.965374949517575,-15.733532230461623
2000-06-29,26.90307537587218,-3.2007964961588855,-8.520855659741882,-17.447406044016592
2000-06-30,28.82403560557827,-3.5620695681222814,-7.544119383845849,-18.580450008654314
2000-07-01,28.407937769060418,-3.124732656368251,-6.914097361767538,-18.823154218831995
2000-07-02,28.047751930533526,-2.862944535431725,-6.642693631521571,-19.64281578085823
2000-07-03,29.244232566465932,-3.352309507641029,-6.918760659485811,-20.371536664148035
2000-07-04,29.508033105145373,-4.040655649879682,-8.096995722565214,-19.693055846324235
2000-07-05,29.4035073753326,-3.7554189577585455,-8.589922659587367,-21.32210880603148
2000-07-06,28.065081399884015,-3.8105661583583212,-8.612651929775163,-19.309442059932465
2000-07-07,28.26906570728228,-4.102164404062323,-8.070018741902011,-18.64465793001858
2000-07-08,28.121010361581135,-3.16924338183614,-4.945949371347011,-18.959814982634185
2000-07-09,29.13656406880502,-4.344624380454771,-6.370761246187851,-19.237257427922714
2000-07-10,29.403837734341447,-3.9428777225644813,-7.044162186637884,-17.99971458330007
2000-07-11,28.227599545375764,-4.0467818007242675,-6.08893896677549,-16.6880370335053
2000-07-12,29.44339610651742,-2.415684924585835,-4.171739140119355,-18.12385601931206
2000-07-13,28.95165242006883,-5.315532552238284,-2.5422453435620604,-17.887328977629487
2000-07-14,28.353100482519316,-6.399124856273733,-2.8113829307253257,-16.92396391559055
2000-07-15,26.85150536744362,-5.919489690048032,-3.7012152979158173,-16.35715323383896
2000-07-16,25.624092497848796,-6.0996346355260265,-4.6034999984416896,-17.76799468920675
2000-07-17,26.64724832465642,-6.481274774908,-5.010648783081047,-18.472114095446113
2000-07-18,26.91316952865965,-6.728822092982773,-3.932758364552541,-18.38725270159914
2000-07-19,28.625150033655572,-6.499524035784789,-3.1402864765456115,-18.0256132621791
2000-07-20,29.470238637668665,-6.3265278859107825,-3.395235881837326,-17.646733326336165
2000-07-21,28.37573198646282,-5.80416422956113,-0.9516602254454396,-16.530043836540035
2000-07-22,28.391070094068695,-5.912854535298887,-2.02797028639964,-14.491639316537393
2000-07-23,28.602010623296803,-6.852784717987113,-2.175007662212388,-15.883305021780181
2000-07-24,28.594192017164836,-7.341725250431173,-2.5381178734760037,-17.555916658340628
2000-07-25,28.884381155262243,-7.951221078819948,-3.8067572881392,-17.558621666276704
2000-07-26,27.235964666713226,-8.487020735629157,-4.615471341922036,-19.000876539750188
2000-07-27,26.176182338881745,-9.092747210729708,-2.2154150437476305,-19.93985624035361
2000-07-28,26.262916835522397,-9.369487107850851,-1.3895878773184132,-19.716328510170396
2000-07-29,25.981230784562108,-9.16223516347533,-0.49297593370036397,-18.166871662723285
2000-07-30,26.333052052951714,-8.819526966979288,-0.11897528128163593,-17.179626690667103
2000-07-31,26.001801279919203,-10.56329954441029,-0.9512865664634894,-16.039908823516313
2000-08-01,26.489046171920343,-9.897533367113116,-1.2111363846406156,-14.579369216210358
2000-08-02,26.98560478875627,-8.980736239405307,-0.4740801305235288,-13.774662075087754
2000-08-03,26.393390026385394,-8.376125398446316,-1.0085543490932904,-12.96074675684478
2000-08-04,25.38249934567178,-7.142466820025852,-0.6344238268263459,-13.01488538344066
2000-08-05,25.463788235947433,-7.031500707557207,1.560975349896013,-13.01370821123002
2000-08-06,25.920195548119043,-7.747227085749512,1.5138415208230303,-13.014887071222613
2000-08-07,25.919400911057284,-7.200830653250662,1.6568748317150308,-13.094108671530485
2000-08-08,25.161176181702636,-6.373608923134292,0.6568200790053369,-13.46479611977435
2000-08-09,25.311699704678787,-8.627682565005859,0.558936206826469,-13.454693664835368
2000-08-10,26.240882251024026,-9.220537408027267,0.999348060218074,-14.612430903961435
2000-08-11,26.724345219749416,-9.030066285429912,1.934689418198847,-16.094894562892147
2000-08-12,25.194864860932853,-9.398336706087381,3.6321254588731446,-15.1386021553052
2000-08-13,24.016821437778592,-10.784026959225521,4.164126750042612,-13.43362383736438
2000-08-14,23.900186091335968,-11.089860359718523,4.139502927299691,-13.82415744115876
2000-08-15,21.842146243739553,-9.240152162830583,4.008565190866601,-14.637475580362372
2000-08-16,21.83065091972302,-10.301973109035933,4.729319854996569,-15.308759752640352
2000-08-17,20.497034564180733,-10.782401636114182,4.761203511231602,-16.190025776066406
2000-08-18,23.1468737834765,-10.978712634611513,4.619666515148655,-15.562140466966621
2000-08-19,21.84844692373079,-10.489171833640833,4.445618776283389,-15.45718732214462
2000-08-20,20.929018128750137,-11.676786433026987,3.7737894431644308,-15.637065614809353
2000-08-21,20.781753084864995,-10.21395228131539,2.805218342922404,-15.741353654329277
2000-08-22,21.295502681387628,-10.726280949175276,2.156810671093397,-16.22247698995181
2000-08-23,22.3522706146495,-10.50085913103724,2.30493158758365,-14.894450124753245
2000-08-24,21.996662933246196,-9.53194390892631,3.0572188806021727,-15.446931782002698
2000-08-25,23.43094083927916,-10.645794241619644,1.5435629464850364,-14.782718748444925
2000-08-26,22.01730716211094,-8.767978515264586,1.3273474531282787,-14.411210513911069
2000-08-27,21.003553518817853,-8.644389235427555,1.4524399410732003,-13.532169483069843
2000-08-28,18.978544664787712,-9.114765327202718,0.41831674634847094,-16.47126102594463
2000-08-29,18.87034443956944,-8.18379105371711,0.45206184173087816,-17.0902941394377
2000-08-30,18.801777304438836,-6.307481017659837,0.011706638778761824,-16.555878184876118
2000-08-31,17.74465656237667,-5.376150560463957,-1.2925629333713655,-18.410552347821103
2000-09-01,17.997554864209196,-5.079534888921528,-1.6028370069958586,-16.435875744084992
2000-09-02,18.37076314828738,-5.654409772478322,-2.217285738538619,-16.32290186531182
2000-09-03,19.10573733686616,-3.5357722164487475,-3.009430192945626,-17.034549661517033
2000-09-04,20.386406802588294,-4.12004608771101,-2.2172107474759,-16.391468580034115
2000-09-05,21.081712975019745,-4.026358828801991,-1.5357279005812732,-15.231102630113307
2000-09-06,22.198634339330248,-3.244069401604312,-1.7657966224246344,-15.781233827432914
2000-09-07,24.85286018673092,-3.4634107358552133,-4.234184705356853,-17.10699325595994
2000-09-08,24.05702832634111,-3.8148807236318887,-3.863813132958928,-15.579627448130172
2000-09-09,24.654967542474786,-3.1687753768131026,-2.068799937322323,-13.97053270090608
2000-09-10,25.1446158448404,-2.2151009020890964,-1.6944097662252289,-12.777982217980474
2000-09-11,23.731091569703977,-2.5212798410384645,-1.5412858891516188,-12.063039149316685
2000-09-12,22.561120005993267,-2.594313725238998,-1.4996650684330253,-13.401941931712607
2000-09-13,22.384617389409673,-3.7014894329749657,-1.0153275491337406,-14.086020480106761
2000-09-14,22.017165477639477,-3.2252871267582943,0.1229639049746103,-12.584401667500018
2000-09-15,19.135133345608715,-2.935305054341641,0.22999040106268145,-14.634416885275513
2000-09-16,19.721549716034986,-3.473414201452466,1.8391426370185078,-14.630938054948068
2000-09-17,20.405518388259374,-3.2713029682938424,2.8532899523592556,-15.252920689869699
2000-09-18,21.067606075841752,-2.5286305002822953,5.355984552922603,-15.366006772633686
2000-09-19,21.709111803325506,-2.290184639745509,5.278818602774845,-14.990310568969434
2000-09-20,21.02063014692267,-2.164715105026138,7.988708921858951,-15.726606833480519
2000-09-21,20.28843913634774,-1.6409652904381984,8.414763935372827,-15.547249752617594
2000-09-22,21.18551616396503,-0.12733719509941754,7.8990316696938025,-15.72096327841235
2000-09-23,20.752690715634536,-0.137729159048124,6.388467749649063,-16.46281151596003
2000-09-24,21.927346376813723,-0.4889134120064624,5.806062500794853,-16.56080142300644
2000-09-25,23.320127202649427,-1.3680328098483228,5.48330242689553,-15.58449420253096
2000-09-26,23.881247280467083,-1.4393334652147343,5.641444863189721,-16.88622236691203
2000-09-27,24.79484541568505,-2.0352646423392655,7.860702854771361,-16.295580775357113
2000-09-28,26.130738196399452,-3.3456959477513406,7.430839190041869,-16.807063790873702
2000-09-29,25.870145950055903,-3.9921665436284446,9.182493985603758,-18.600453771817637
2000-09-30,26.740330550716813,-3.70557734463329,10.516009358058346,-20.358824991425486
2000-10-01,26.09139844773732,-4.40507274317437,10.839159970642296,-17.875213087770142
2000-10-02,26.2129836712121,-3.896564964741903,10.48578841745947,-16.936566544255285
2000-10-03,25.32781643355884,-4.533636709410043,12.124684557429383,-18.08014847834057
2000-10-04,24.73403332074408,-4.764526159017616,11.547325148761935,-15.720033880522827
2000-10-05,23.716214761366984,-6.657752108523814,13.758680680117148,-13.607799735319617
2000-10-06,24.276125398295502,-6.30498632304649,13.190622111309347,-14.04745646204037
2000-10-07,22.67974677770786,-8.667680284501623,12.266288891783383,-15.037950403825826
2000-10-08,23.23981752921778,-9.206077996703277,11.70224007532366,-15.100584286580187
2000-10-09,23.539703678530962,-10.239613645081622,12.853261529305211,-14.028508935494454
2000-10-10,23.861689190295785,-11.757780110601288,13.37556992253809,-15.486649061929361
2000-10-11,22.351683801456588,-12.042957988938074,12.960440554004567,-14.80002883289253
2000-10-12,22.436171279316365,-12.907928989210708,14.199611797771015,-13.691758529413258
2000-10-13,21.55508107023425,-13.339295785638308,14.063487229698222,-14.84377253374309
2000-10-14,22.113746988980903,-14.288086174986928,13.753664849938664,-13.882733320501824
2000-10-15,20.832062403545187,-14.386704794732825,13.975331728851538,-13.270697995309318
2000-10-16,20.562881776548803,-14.532470121256479,11.363556881463689,-13.321798405295137
2000-10-17,20.728764023755012,-13.63510343360984,12.071635257544203,-11.389694597348967
2000-10-18,22.380178268379165,-13.548071975988615,12.113529385018404,-11.709261647403425
2000-10-19,22.894920482399673,-12.834163810809299,11.419464650054028,-11.181812637179922
2000-10-20,22.56682239617266,-12.252031842157354,11.818920971105571,-9.172531844609596
2000-10-21,24.207716526787056,-13.18515649768556,12.48545210727345,-10.918803142579968
2000-10-22,23.46191197398863,-12.699426715484664,13.24251894929345,-10.84599912772559
2000-10-23,24.29224043110787,-13.96481039462998,15.983690759402895,-10.902022257948452
2000-10-24,24.678934568065152,-13.537155252769596,14.747804953455084,-10.509759220397598
2000-10-25,23.593907274276965,-14.254561361934082,13.823795639089731,-9.660267676243084
2000-10-26,24.94772457280698,-15.178207456921557,13.45831545851727,-10.175657242891969
2000-10-27,24.265817280005464,-13.182083511097602,11.596188371106367,-9.662525360940139
2000-10-28,25.54448950869086,-11.71746283043801,10.014964393442694,-10.201418688536291
2000-10-29,26.33528582067114,-12.468608161435444,10.405711333837397,-10.055412542718766
2000-10-30,26.41058166624038,-12.83535978987425,10.61234327608319,-9.356357979193517
2000-10-31,26.655219709230977,-14.335826765111038,10.37903828747407,-9.071333466123905
2000-11-01,25.38286870070336,-14.029008638201342,9.572448155368342,-9.487056121172603
2000-11-02,27.653718202712486,-13.46696658212134,9.502343604281549,-7.511184657632694
2000-11-03,26.517975696114323,-12.214692748602895,8.466423592413243,-7.453607710107802
2000-11-04,27.348359123492003,-11.427401134448186,7.72704101344125,-6.515492560807375
2000-11-05,27.393323816303926,-12.789432735084862,5.861739359591282,-6.48420006877185
2000-11-06,28.234150696956306,-13.276714770048125,7.946388710364911,-5.448472995728272
2000-11-07,29.879471762493555,-14.876879881763328,8.03298719011241,-3.8260440226317685
2000-11-08,31.06535309979342,-14.953510594630892,8.051200722871062,-4.067900909997115
2000-11-09,32.09070739594162,-14.497815647797092,9.126231356124933,-2.223319888323836
2000-11-10,33.26810242033729,-14.651587139758318,9.84519333443856,-1.3219539149461879
2000-11-11,33.61878196496495,-16.35081065492128,9.654897432272865,-0.204947420419896
2000-11-12,34.51514865387196,-15.750007296360044,9.608457376134917,-1.3097268585885284
2000-11-13,34.63702228037809,-16.61894154293689,8.207747081705133,0.5263855139815279
2000-11-14,34.991822098696176,-15.363053424368674,9.271776362419896,1.233884822090055
2000-11-15,35.358597778375824,-14.958468617362525,9.016885458117518,0.28950679168725835
2000-11-16,34.838720665523255,-14.938090810278965,8.988127132827683,0.6486952424747894
2000-11-17,35.52777379762411,-14.391344656001156,8.674267724283752,0.32865796115368195
2000-11-18,36.437523475587724,-14.155983594923756,9.466639871605107,0.2831271220133849
2000-11-19,37.51498708092249,-14.706984528575344,8.716643266079522,-0.04163715992827188
2000-11-20,37.04548883488855,-16.18535466349417,7.911058521773242,-1.5681734418031141
2000-11-21,37.77150808376693,-16.640204198301067,5.841340552494177,-1.545244123866111
2000-11-22,37.955764744156646,-16.172976746744162,5.984780056386165,-3.1221376409378374
2000-11-23,38.34833229787269,-14.365082322198452,4.65408024387729,-0.9926332488924059
2000-11-24,38.47434046742249,-14.062869796502985,5.3707267702707755,0.2690909818599849
2000-11-25,38.50578617249102,-13.730664914675785,5.4454446970633255,1.0844134342364478
2000-11-26,38.10933765283426,-14.820754277466955,5.621500112933176,-1.2846567807295517
2000-11-27,38.182020646229404,-14.019031191898323,5.2357588202632,-1.5730054372061624
2000-11-28,39.274625265771526,-12.224833198051963,5.640665506924364,-0.6446401502265705
2000-11-29,37.28625448110995,-13.296043208828134,4.956064672413547,0.1915554747812127
2000-11-30,36.257183532466854,-11.923093237710692,4.803246996251891,-0.6226440334245472
2000-12-01,36.87021994264511,-12.12105571304027,7.04600215714442,-1.3084901522797359
2000-12-02,35.23437877841992,-12.155905918449337,7.605396266882292,-0.6453316512212194
2000-12-03,35.955405522480724,-12.639726568639512,8.685697291742875,-1.8784645704231635
2000-12-04,37.069107404641976,-10.344703081283416,8.006402439143178,-2.700444473012591
2000-12-05,36.62029086023303,-8.595562725254416,9.735254742755483,-1.165872468283951
2000-12-06,37.88131474006574,-8.121962068272428,11.199612673329419,-2.946062889892822
2000-12-07,38.58755938742734,-6.778037108533095,13.344161468057052,-2.5488677151870314
2000-12-08,38.28904995549893,-9.668986533622446,12.845223008775701,-3.4193962016720096
2000-12-09,37.39909943213366,-9.911258940107368,13.985847485937148,-1.8995450668034557
2000-12-10,38.17308706118591,-9.366024802013769,14.850371152685291,-1.3150518137693126
2000-12-11,37.546265946320574,-10.175848692962555,15.041214674224639,-0.7208154086967462
2000-12-12,39.94234795836214,-9.4413762817105,13.27089151565913,-1.4218066056567595
2000-12-13,40.95471097609939,-10.929926366726486,12.102688835860675,-0.27288771389587896
2000-12-14,40.698508625945934,-10.487315465069248,13.101432101960325,0.48106554650298083
2000-12-15,39.43128800900444,-9.319213540462194,12.412290169577265,0.4961142004627094
2000-12-16,39.97093028715579,-9.032780877921766,11.386372072179052,0.14210791382762372
2000-12-17,40.395698969966,-8.226064940545879,12.854766066732367,0.7872746044667245
2000-12-18,40.35780896742244,-8.168971229621887,13.072855131907676,1.9717795708714638
2000-12-19,40.882390382578315,-7.30973072738238,11.431355325218348,3.669602530111058
2000-12-20,41.79920151026751,-6.875635651253121,11.702403544904207,4.5254899073621075
2000-12-21,40.28612472465687,-8.417521861606419,11.439580450875948,5.4912212372223665
2000-12-22,41.759369221585736,-7.471984980883004,10.889996421901074,3.679757418491336
2000-12-23,42.190686105356804,-6.52368206461884,10.552859180877533,2.12590784757195
2000-12-24,41.29645813791116,-5.755534430112423,10.656838059556796,3.290805514970949
2000-12-25,40.214943404558475,-5.023376370331142,11.564158881860266,3.381807287295452
2000-12-26,41.85896739601874,-5.84569511975625,10.947327266848546,2.4760155334848046
2000-12-27,41.43881347378653,-5.875308853525714,9.419664924866716,0.08559204663383468
2000-12-28,41.30963784429291,-5.723930179106028,8.708621308622218,-1.033246795027193
2000-12-29,41.33420270296239,-5.754693136674105,8.651415857135035,-2.4419305168023318
2000-12-30,41.25948789019355,-5.240345118531717,6.828189969577038,-0.6059695401332921
2000-12-31,42.72080855108056,-4.80473596063387,6.462222124221055,-0.34261910533532375
2001-01-01,42.74632909812708,-4.1371512115088205,6.227373904389068,-0.0006133744769336591
2001-01-02,41.34059153109683,-4.982260704152088,5.266483264620332,1.4712023317470828
2001-01-03,41.73634068808014,-6.54478928217621,6.629589443327335,3.059658058850392
2001-01-04,41.3767184773714,-6.991430634502083,6.0188826328612,4.113164641350571
2001-01-05,42.6923203825987,-6.065331607605503,5.784657095801605,5.949317371208649
2001-01-06,42.89600295646705,-5.8047263770280555,6.037548332111478,4.1051872303455985
2001-01-07,43.11979558430179,-5.875109072742233,6.738489453068672,3.212373316591215
2001-01-08,40.88911321567032,-7.421689495201743,6.939570440036073,3.5823234109775597
2001-01-09,41.740108891248745,-7.024327444978834,7.1456375496723075,3.9079400632116856
2001-01-10,42.36081160301549,-6.779518717562984,8.64344873697757,6.0667319767939905
2001-01-11,41.9299806678366,-6.291997829752902,8.896944493931741,4.146498953685654
2001-01-12,40.71256193258571,-5.333576914494469,9.44855673384268,3.521342895136121
2001-01-13,40.69850523875869,-5.0019530697651176,8.419785053120231,2.696352026499832
2001-01-14,41.181787039715445,-5.3432561494454305,9.199917017327953,1.867646355084322
2001-01-15,40.09611751199524,-4.966012544744807,10.234167238734871,2.7718338108057523
2001-01-16,42.49784934273928,-5.04159044363629,10.531466885070849,2.0135938686856854
2001-01-17,43.393559784816375,-4.04962222827963,9.008670225405378,2.365796880271299
2001-01-18,44.91523633213774,-3.60609886793793,9.84302300066077,4.546983295878746
2001-01-19,44.16115588715864,-2.1700318382496544,10.073350590734682,3.5634881606838142
2001-01-20,44.68739183596866,-2.9788084448591268,10.67987776984956,3.209864467948659
2001-01-21,45.10675025293811,-3.469073325220511,9.963176020944836,1.4057668149147418
2001-01-22,45.25857511584764,-2.791893204060199,11.23041641106618,-0.8067165045403213
2001-01-23,46.66809818986585,-2.599432485192849,13.051222738031484,-0.794174050199149
2001-01-24,45.7028533988399,-1.3695650580028362,13.273100555240223,-1.0330046888288722
2001-01-25,44.95676447781112,-0.3262952243559898,14.218400910164538,-0.6790631320615469
2001-01-26,43.24809403469227,1.532765719436355,13.623494271060126,0.259037692424978
2001-01-27,41.92692253736802,2.2012659049258874,13.15723079139102,0.5240700525332442
2001-01-28,40.50001867210154,2.560427028819723,12.62480231486248,2.0786273537647286
2001-01-29,39.82344440068253,2.4267267182780614,12.96436215558366,2.7622081024712672
2001-01-30,38.97788815082223,1.8924776306989943,13.920562600207568,3.107315127118455
2001-01-31,38.18956557751346,0.35116461539539623,15.575808212952705,3.7527896224582546
2001-02-01,38.352838703267025,-0.050006399587590566,16.318443825301223,2.6814067918626323
2001-02-02,40.35239516868063,-0.38832012060293347,15.895706116734392,2.4855384548371453
2001-02-03,39.896612681275194,0.8468867620511666,15.513359422751758,3.1129985948572587
2001-02-04,39.03115747337657,0.7707209504083503,14.455494024189228,4.474021165654465
2001-02-05,37.89837491919817,2.338487174363401,14.337385207264548,1.9348641697652869
2001-02-06,37.49143377795728,4.184702935718821,12.917408723427283,2.08736317807243
2001-02-07,36.690320233159476,5.810428670089957,11.783225288376128,2.8229287414014155
2001-02-08,35.968875527100494,6.367490014797287,11.904308736352837,3.355447628752878
2001-02-09,34.54531995787117,4.586544861048892,10.979422895494391,3.3478862983078628
2001-02-10,34.307396533008955,3.827059889916792,10.119879487004,2.541336202016959
2001-02-11,33.29061390964976,3.755342185287244,9.534449214649277,2.4014490020758292
2001-02-12,32.5885316790652,3.027164444471603,10.542245562859712,3.79710645819661
2001-02-13,32.345092302989684,3.415284833418148,10.150177590023745,3.5346525725247737
2001-02-14,31.705809760670622,2.8326867199810044,8.617735416133186,2.558657141306219
2001-02-15,30.655888986971263,2.9667057001084802,7.927233804895678,3.302312024479525
2001-02-16,30.702828107315465,1.8436345060111528,10.131904101590788,3.9974791454875573
2001-02-17,30.771665941573712,2.1320277879908174,9.608256751431803,3.480404562957584
2001-02-18,30.764796419504282,2.522752936605498,9.800086041290454,2.3825684272563628
2001-02-19,31.698584213983,2.594495193948408,10.093220535072216,1.2135318682335308
2001-02-20,32.82480247949552,1.8146950181495107,8.330098370363645,1.917815592216412
2001-02-21,33.17922497851942,0.729567009625034,8.119428108931386,1.9009626661807142
2001-02-22,33.50987003683496,2.901258784357593,8.950117224498548,2.3869923327680507
2001-02-23,34.69177416527895,2.9626817965535572,8.650228261393648,1.6352174602028222
2001-02-24,34.58067686225028,3.7878425506323157,6.861642335985253,4.045898385893877
2001-02-25,35.70108859055706,3.7728614591530643,7.960032087659756,2.5639609998129202
2001-02-26,35.294661567068395,3.0399819412647684,7.217375184013069,3.5146659712127857
2001-02-27,35.351629158252074,1.5532780355603855,6.782824434163517,3.2854655787700286
2001-02-28,35.27830493740988,1.688600273993323,7.080644240628493,1.1427934807429567
2001-03-01,34.23864210329338,2.7296759430466513,6.46592842666679,0.375853001242914
2001-03-02,34.778493866939755,4.220633644236714,6.526977716977586,-0.5924018491149077
2001-03-03,36.177279432899454,3.354148543262214,7.173875738494077,0.38807673960804
2001-03-04,35.63948445538916,3.3267041663156047,6.553730761666127,0.9222536578741869
2001-03-05,36.99293954310117,2.5229155695979406,6.502821749142072,1.4579565772710588
2001-03-06,34.922821630468086,2.9132238311453267,5.157765565309196,0.13163340605897456
2001-03-07,35.662552047106146,3.1759113884129118,5.218467660269344,-1.4190616008704757
2001-03-08,36.27297083065031,2.6565571799142615,5.2341284257051806,-2.580046047012376
2001-03-09,36.10964746781271,1.7818050801712793,3.3052022021356504,-0.5035345973492631
2001-03-10,37.10106863890732,1.0483935945708152,3.927920962758032,0.5883663543200386
2001-03-11,36.814007886649904,0.976632827775131,4.406306829533371,1.7850524675714345
2001-03-12,37.70671024851743,0.3993285079085127,5.286223217413412,2.4150651429272383
2001-03-13,37.30964310877794,1.4335525677843046,3.925432193357544,3.8693338240387045
2001-03-14,38.051297825131684,1.0602504099544992,3.7110211690114987,5.490585474567928
2001-03-15,38.91119767510197,2.64729739939822,4.472731663134228,6.623151483500325
2001-03-16,38.648186474875466,3.584173321132166,3.5985541207564777,7.196682709928847
2001-03-17,38.113888169208295,1.391442233752707,4.403802491990984,8.322648128895299
2001-03-18,41.688621308098476,2.6975822129850755,5.256223928927878,9.616900682259717
2001-03-19,40.36519438282703,3.2963281858849642,5.615066478839707,9.02396408420498
2001-03-20,39.025001393827054,3.1243289604876727,3.355601176931502,7.685412168435786
2001-03-21,38.309808128866926,4.25073757753311,3.670689206357572,8.385537679147859
2001-03-22,37.739967980569155,3.7619140200706624,4.064241704159692,7.866524300280881
2001-03-23,38.065929921018046,3.686464663979645,5.527300700053542,8.038561467190128
2001-03-24,38.88455252768793,5.588323256395183,5.494138898177684,9.503159355722973
2001-03-25,38.50157601484079,3.937197679312021,4.460529332560736,8.940916314033808
2001-03-26,39.99952666582307,2.641708488523613,4.835090152194035,9.60852516233946
2001-03-27,40.37056285210132,2.83700678632367,3.4136015076728228,9.591018067788735
2001-03-28,41.00181739672832,3.7245264141130745,2.9111358963099705,9.139443884146015
2001-03-29,40.12690999098516,2.3984010465348673,0.8326833994597869,9.60063574634387
2001-03-30,40.77218771221306,2.7650746301710813,0.9141761136471861,8.675394941584385
2001-03-31,40.15911183597733,3.6588927883310918,0.5193512109251266,10.065783895210032
2001-04-01,39.91662453224448,2.8092642156320906,1.2990024687522426,9.348198648679212
2001-04-02,38.58674519348454,1.6425171320894856,1.521606292561014,5.832028018525355
2001-04-03,39.44950505643854,2.3905850790562395,1.0559397555200203,6.693956532053189
2001-04-04,38.428528370688156,1.8710685357209065,-0.6777340364383182,7.348520601540965
2001-04-05,38.474325970282926,4.568289358292258,-0.46051383114070604,7.898868336168063
2001-04-06,39.22637469849411,5.250669344037969,-0.08011403865836064,8.61697608224176
2001-04-07,39.10840166310915,5.471921292187623,-1.189883296057476,7.207301752549409
2001-04-08,39.88985577141408,4.58763406142441,-1.7786798578874712,6.209624370077054
2001-04-09,40.79545036248847,4.902819532108021,-1.398949107484127,4.425193116086154
2001-04-10,39.794682435375876,5.6554385159295935,-0.9910321328156356,4.460094875261648
2001-04-11,39.92627912302117,5.042706909137233,-0.7566285026637203,6.946240111981316
2001-04-12,39.79687615015534,7.006704047686445,-0.03824778221431013,5.019428699666009
2001-04-13,39.14395128551356,8.479945607718605,-0.3864472291999863,5.007072639862769
2001-04-14,39.79929361878098,10.520674172479499,0.6015439984076096,4.518680257588971
2001-04-15,40.11297945125419,9.490719138920914,0.4125302352610074,4.904005879699701
2001-04-16,40.28385857192956,9.664681276235674,2.0253259060270032,5.412859032181947
2001-04-17,41.160205585047706,9.236018415280881,1.2036844925926355,5.199449349329012
2001-04-18,42.332888775900585,12.202622175365043,2.754426861094144,5.32223099764246
2001-04-19,40.481352613260725,9.497830267973407,4.328049342964578,4.588461457857014
2001-04-20,41.187199794080335,9.910350239875013,5.614077403958234,3.8680086268127383
2001-04-21,40.947927720854025,7.146136736752988,4.803878857929622,4.911583183001057
2001-04-22,40.964706118878,8.822336157127099,4.869798753669787,4.516867752872468
2001-04-23,43.47190039084359,9.031229576602612,4.3591512739113325,4.3831865262412935
2001-04-24,43.04337929795634,8.131794988678333,5.879801275444196,3.5478167678841146
2001-04-25,42.941750139964455,9.349087274666811,7.485770318544072,3.531168934018211
2001-04-26,42.122312477991954,8.947296327012985,7.275649219577156,3.2659305482711583
2001-04-27,40.828617678282846,7.495507796179186,7.263526708507557,4.015364560241062
2001-04-28,41.120360610651815,6.989490295169423,9.064581271676666,3.3524378132707673
2001-04-29,40.62391422352823,6.239038811129785,9.57759139716125,2.913175266070052
2001-04-30,39.6809622104159,8.045318026030946,10.052270013428934,3.384594545253244
2001-05-01,40.42010700438298,7.900423863770841,8.567439072046014,3.7773007382965136
2001-05-02,40.120693459676126,8.260051726154082,8.018279442500173,3.315012596993724
2001-05-03,40.62012971076899,6.736673819565891,6.5794665808904265,1.9929854542069807
2001-05-04,41.292644285687494,8.291867119221019,6.490425939616983,1.1188934632504624
2001-05-05,40.93660823864368,7.389941015519076,6.691782905005446,2.052193269641961
2001-05-06,41.438521834387444,7.872695032879555,7.667084252243207,2.173491830682062
2001-05-07,40.8174409835404,7.563609795552787,9.079818344260321,3.4351983505931303
2001-05-08,39.74449729143636,7.861224187750322,9.880962714152774,5.291245373924715
2001-05-09,39.06283165361319,7.1272349604261285,9.570639360232656,5.506486693165498
2001-05-10,38.172455920505556,9.35886384941529,9.123453333862315,4.892721677960909
2001-05-11,38.682277990518976,9.309372471668254,10.997782776760555,4.515385532639189
2001-05-12,37.8140902869597,8.679474330154001,10.689358691161797,3.818978221800056
2001-05-13,38.79450869584361,8.992685013690778,11.087353771530188,5.539842607012677
2001-05-14,40.06506954917743,7.927244669643855,11.346021775355117,5.155023853912354
2001-05-15,41.196333111379474,7.882570794795325,13.397382911539985,5.079584295574561
2001-05-16,41.8469050329851,6.975295695885535,13.345344466992564,3.802902989032083
2001-05-17,39.987330090761546,6.278187798756802,13.756444151200016,3.231551907882958
2001-05-18,39.97905624485756,4.912242419360331,14.01869433571522,2.6638155429018786
2001-05-19,40.756001856105925,3.7622837756381338,14.504366781693095,1.573694197781756
2001-05-20,40.69887360369606,4.279150839997887,16.033042740875743,0.5080567009980894
2001-05-21,40.1012860820804,4.434693984133422,16.63613773292519,1.148938416799159
2001-05-22,41.30913096048012,4.743954273454219,17.565686082338374,3.240670211877993
2001-05-23,42.56155326160691,3.952913296475598,17.04435986323106,2.1410761585070825
2001-05-24,42.914677554245614,4.530327614203924,15.888857990685757,2.7272639159641985
2001-05-25,42.104388990409,4.24590587700208,13.437859562496074,2.086866432509092
2001-05-26,41.56230860803686,4.7916443978225205,13.370713240348264,2.9380537288571467
2001-05-27,40.5919069812375,6.1897877107708075,12.250483657484365,2.865565313601285
2001-05-28,42.60415053673314,5.391107517492402,13.185603671074212,3.0229875644232966
2001-05-29,42.11860356918748,6.255691711413832,14.44999112901688,3.6017824305852697
2001-05-30,41.702054251549,6.2067395028675945,15.358467961810414,3.1746441817262485
2001-05-31,40.650684474537854,6.779594492703773,13.944172375419706,2.272915550541378
2001-06-01,41.718086337013595,7.469074430748046,14.143117946849976,1.890710944383823
2001-06-02,41.04315367031603,7.097932603652717,13.597079940610612,1.5573437259360248
2001-06-03,41.268725020267766,7.273611108039093,13.095605494376787,1.7343362200691355
2001-06-04,40.81539026418289,7.245680382749493,12.19463843132535,0.941455821361727
2001-06-05,41.05852606781877,9.672181227887524,12.808115378195275,1.266359936743762
2001-06-06,43.92239503069414,9.839959507735198,13.317204903326342,0.6885232891512083
2001-06-07,43.0836034809888,10.068399684376018,13.454674526520312,-0.4484966442773244
2001-06-08,42.71043115609284,10.231472178191654,13.378579492660588,-0.5087150850337434
2001-06-09,41.80707761088068,8.638101498508895,13.585934285367545,-1.1232247414783232
2001-06-10,41.90164060782743,8.203648609049553,13.76401909682137,-2.294460216808009
2001-06-11,40.6420231126111,8.863362441153598,14.516676109884536,-2.8335500612139732
2001-06-12,41.627593751889805,8.923396812198561,14.74170415832485,-2.2293321009319005
2001-06-13,40.92622418998105,8.854725270452915,16.606114317285325,-2.665951523516836
2001-06-14,41.34195496418717,10.103872715853033,16.71407590789038,-2.72277134302087
2001-06-15,40.721283813897365,9.581827287960817,16.985701787336275,-4.18989477792997
2001-06-16,40.73578365751846,10.572072647575824,16.414628745637494,-3.7622014739909173
2001-06-17,40.307452713648466,9.963112705766036,16.449921874292222,-2.591637171568572
2001-06-18,40.652608970268055,10.188073092556845,14.169513206400008,-2.3268623264165575
2001-06-19,41.493271972316705,9.94488365704907,14.30204122658442,-0.9169936652084649
2001-06-20,42.82280818519004,10.154637063599754,13.743364973906422,0.026054342871129732
2001-06-21,43.953898056797435,10.27218005380593,12.926771228779574,-0.07994808193168708
2001-06-22,43.766553252024764,10.103895653298078,12.217061453654697,-0.6140697108165697
2001-06-23,45.08060821962059,11.187913176719974,14.053887909107575,-0.5450062287401675
2001-06-24,44.90309359872366,9.526362101625308,15.3460342650596,-1.3897768123317682
2001-06-25,43.692298238089236,7.972280246861226,14.990499135587108,-1.1978791427235105
2001-06-26,41.28861252013572,7.0515479838516,15.00476266151607,-1.4424404935861486
2001-06-27,42.54947370480902,6.421985506598735,13.592203980066946,-2.4970862874892936
2001-06-28,43.33752426245632,6.58516758867936,12.553567215087623,-2.926049186708265
2001-06-29,40.43314574552738,5.846500669120569,12.29042297386304,-2.348999843174005
2001-06-30,40.42212455418037,5.759117484737498,12.271505398784363,-3.0621313273789057
2001-07-01,39.435870011857325,7.67355809064936,13.047651380278026,-3.4246164362547082
2001-07-02,39.60321814635434,7.354302709351165,11.649502160921607,-2.800346780720928
2001-07-03,40.9163574225723,8.743089593067788,10.871889015928533,-1.8828910358604984
2001-07-04,39.273401164685176,8.418541359529168,11.094522377963097,-2.3879800294914593
2001-07-05,39.083768995960675,9.248585585932757,10.143936747267162,-2.5897222654851
2001-07-06,38.107524683383375,8.43204161054428,10.744608431217477,-3.0091446334254353
2001-07-07,38.97978843075424,9.298816144544459,11.738916396061429,-3.7014944569686747
2001-07-08,38.59072351776802,8.461791760504974,10.709207511406456,-3.573410798949845
2001-07-09,38.069949060675036,7.618760113578022,10.710319716883664,-6.9204577669199026
2001-07-10,37.225327174156206,6.935879170230642,11.022448549301158,-7.109377858458634
2001-07-11,37.07188823925344,7.861228683561086,11.087332323570799,-8.502389751988954
2001-07-12,36.01011821781011,7.396602239854475,12.584697212432285,-9.252726595640029
2001-07-13,35.68917447965142,5.953886705563781,14.607957655419021,-9.503745072271878
2001-07-14,33.168644198800486,6.0440102627376735,14.275398517654276,-7.252745505243631
2001-07-15,34.2591029363677,6.384274453605483,13.490299794103713,-6.034852217561267
2001-07-16,32.304659493913874,5.495650172476516,13.027763620366391,-5.257649454679491
2001-07-17,33.74031375365459,4.96812340198413,12.53445369588675,-6.0563793318545445
2001-07-18,35.33244487842223,5.552204287144052,12.676055061613214,-5.119579460905186
2001-07-19,33.280154574775636,5.196388987085658,11.943971567060268,-5.203120829230458
2001-07-20,32.787291526761415,4.445556768556713,12.06581882146044,-6.400805813865011
2001-07-21,32.3530779904907,3.71153652647185,11.061778318769974,-6.4724942359285595
2001-07-22,32.163606255836946,4.772626246444497,9.373094421405437,-6.510622889503939
2001-07-23,31.420044253469303,6.438542366337844,7.575391726526763,-6.011583371879887
2001-07-24,31.98565592135555,6.5914220931243,7.918473261899281,-6.794441440924529
2001-07-25,31.850207951138813,6.129489224729813,10.353020509814307,-6.436003769384336
2001-07-26,31.313433280412948,5.814815515516919,11.042908259454837,-7.1594714190358095
2001-07-27,30.26902582417379,6.228545393448033,10.042536099543701,-8.149431496615122
2001-07-28,28.467022230592413,5.263577030085538,10.04416708509152,-5.394319968668883
2001-07-29,27.921329547704378,4.081541975736883,9.162451960694028,-5.557504059406868
2001-07-30,26.920655263953666,4.441930506858328,7.347761951066593,-4.676168902527376
2001-07-31,25.759669647388893,3.7887962920145637,6.960598838979197,-4.668704502866346
2001-08-01,26.910176553992486,3.998664271822881,6.865152113915132,-5.236601938276678
2001-08-02,25.779552529788578,5.238104827880451,7.460397951090484,-6.130321738520781
2001-08-03,26.05962644701655,5.118287768044068,7.064269427832345,-3.9965050674993186
2001-08-04,27.565009014425684,4.538221038741449,6.258767594576736,-5.02788259766753
2001-08-05,26.24133031173023,4.16963947565808,6.635470592568443,-4.91555930520763
2001-08-06,25.86916436421221,4.68483218250493,6.9007218450221615,-3.934273007687486
2001-08-07,26.290156125614963,4.944526412076572,6.157901672356823,-4.208433990851456
2001-08-08,24.08518883204944,3.363104649587247,7.867698758527674,-2.3978490441897065
2001-08-09,23.419769362811323,5.294255153915092,7.5123423849145325,-1.09036590764171
2001-08-10,23.89089713941183,6.246732991902163,8.93925870390244,-0.7931697486965215
2001-08-11,23.266984771466063,7.686073796161221,9.384390034645042,0.7165909995157509
2001-08-12,22.67965849300898,7.060454576203518,8.716254776576143,0.8914070086089654
2001-08-13,23.75521852009978,6.591593632582438,6.988158667628353,0.6044066488711195
2001-08-14,21.786997359278963,7.300147977481061,7.733480221232076,-0.07712835404159912
2001-08-15,22.570474468732126,6.302129424577964,7.502261848133745,0.4289058057976485
2001-08-16,21.55795009465174,5.530936729856781,7.12076935701608,2.87471822607408
2001-08-17,21.805119943952505,5.3879158113012675,6.027622213144399,3.046552099503792
2001-08-18,23.132217646982564,4.469000079031111,5.095437147661487,3.461429608412224
2001-08-19,22.573743402580533,3.678269661820023,5.218724719087336,4.568032931918011
2001-08-20,22.47701511882537,4.210117900731606,4.7547169451455025,4.618554343513275
2001-08-21,22.664436165567352,6.41978817060207,4.800286290827456,5.133100440479876
2001-08-22,21.554522572662197,7.502722659209251,4.630734942719237,5.777186615133077
2001-08-23,21.70722377295506,7.079322441583863,4.1971829218072365,6.429818470776355
2001-08-24,21.930678264595812,7.057349442958148,2.833821698543192,6.689936975753264
2001-08-25,21.998676192544565,7.2739567065907345,1.7555745595550813,7.9250138891531146
2001-08-26,21.704706309238926,6.02026303039904,2.54742892112205,6.1882431951541275
2001-08-27,19.29500449447201,7.340346784009556,2.3580645975730063,6.050605853298794
2001-08-28,17.643735685084106,7.373781542210258,2.970199155543292,8.330048794814243
2001-08-29,17.741115099948747,7.897915277883865,4.087841815535618,8.174144188245219
2001-08-30,16.710965489715782,7.488549048280414,3.486417138964754,9.204648005603548
2001-08-31,13.752744633155604,5.120576573481122,5.114789820774447,8.876541677059958
2001-09-01,14.771084547462337,7.027308060600106,4.814353413821794,8.549008083720635
2001-09-02,15.68020595046357,8.248928167564603,4.560795472323842,9.491306148494083
2001-09-03,15.100174306788317,8.1402462568703,5.98066549190016,6.258829675671141
2001-09-04,15.786590696224575,9.808652345067848,4.699466491699863,6.721861546770708
2001-09-05,14.746032819841783,8.16293593400938,3.0881015750286527,8.107156946838618
2001-09-06,13.862389196794878,8.837010281870564,4.105681329972592,8.12203739604734
2001-09-07,14.588195196096647,9.340641875190313,4.003911076949795,7.888793916258582
2001-09-08,14.725309856087947,6.763103538904364,4.539070337960634,8.430079079920311
2001-09-09,16.061906764251987,5.735671971392594,4.3378213071458385,9.09593993142099
2001-09-10,17.270193265101426,6.0563723403590135,4.902660042108039,8.785795349630265
2001-09-11,16.890658260505766,7.01313331360209,4.6855291120484175,9.8040989730809
2001-09-12,15.976146416388477,7.434951932151164,6.696440139080215,11.092384179028668
2001-09-13,16.190138406340797,6.899751459880078,5.831143902445908,11.151908464804304
2001-09-14,15.46762716297394,8.209832730684786,5.685517408767318,11.528397633795576
2001-09-15,15.297858152344997,7.964960277206831,7.539746241611294,12.032416387045602
2001-09-16,13.219646143402462,8.538740587880785,5.982338282063244,13.384163182384686
2001-09-17,12.720162743116745,7.503269291504874,6.567966998185991,12.36464234175354
2001-09-18,12.674955171439505,8.640475908569437,8.46819031621637,11.587678655030796
2001-09-19,15.413307882258946,7.67618458481731,8.784073033210097,12.479432548272179
2001-09-20,15.942924483283356,6.099758617136693,8.404600745994978,11.476645318651272
2001-09-21,17.035891372956087,5.526745543625245,7.094254570556308,12.052442801294099
2001-09-22,15.868714640642708,4.828972309645761,6.888421172330367,11.796525003539127
2001-09-23,15.897256378659916,5.191954133940954,6.174853271154468,11.40379986773869
2001-09-24,14.968670705159992,4.857721780099543,7.541356791296974,10.619182852372347
2001-09-25,13.15897251946012,3.750110851735278,7.3920807555201025,10.698643388120862
2001-09-26,13.306106260611683,3.6774390856528645,6.8562085010659315,10.384077715663059
2001-09-27,13.383075714346747,3.5030401011369783,5.933658113342376,10.816213370082504
2001-09-28,13.997607075738761,2.3242843259853005,8.629120566826872,9.998187925622645
2001-09-29,13.18089470887894,0.723896791880861,7.350083941226121,10.70760353877174
2001-09-30,13.207314117881912,0.12775465886876913,7.449738268729715,10.65465002566993
2001-10-01,13.043260688010646,-0.07237496422388354,7.13665527718484,11.388703159819407
2001-10-02,13.270390959548667,0.5843546666176744,9.439068783054942,11.14760789058012
2001-10-03,14.519539345100938,1.789519991111708,10.214527149061519,11.357756885417563
2001-10-04,14.564489970799931,1.259644959755085,11.466282378091922,11.334785435822049
2001-10-05,13.951333813387864,1.0702341611318225,10.131502205491422,9.74454082437567
2001-10-06,13.494312939311222,1.47789994098169,11.002141895419246,9.886484895995459
2001-10-07,13.82884258009304,1.154827239571425,11.923349527018887,8.271385777323902
2001-10-08,15.174943756074228,1.1126396104452134,12.840303143230084,9.287342596444145
2001-10-09,15.576141370070093,1.34436111379408,13.877566027796387,6.9509472706214375
2001-10-10,14.625268144849233,1.3861459051197793,14.325249478631614,6.475481864600763
2001-10-11,15.056631621807755,2.6760671326858585,14.559327735442055,7.5047204962535865
2001-10-12,15.4160949370857,1.8485499219009203,15.841377242420931,8.479194087703705
2001-10-13,17.61969500831663,0.5351365439872657,16.81188608082117,9.356735861501512
2001-10-14,17.692249138768844,0.10637280209500644,15.540860926463417,9.21345258460647
2001-10-15,17.593780375931782,-0.4519434810218883,15.407874365323334,10.740078363891508
2001-10-16,18.01362389526512,-1.5943727150497358,15.397968154228339,11.249267307339045
2001-10-17,17.9096268686825,-0.2185060695025962,15.530161386042185,11.436813656038154
2001-10-18,17.77568003179401,-0.3209493525716322,17.28197335881027,10.584972585634619
2001-10-19,18.29103287020071,-1.976676549155231,17.670508537920362,9.051113197368661
2001-10-20,18.236094532530032,-1.8803320278795546,17.565764289191357,9.14505249330428
2001-10-21,18.37542263472777,-0.79137875057452,18.5516625321548,10.268647412412033
2001-10-22,18.668493557914886,0.8012525437883098,18.673529346057073,9.598176354486231
2001-10-23,16.7953864615361,-0.6363645726163543,18.34375505764726,9.224057128036232
2001-10-24,16.858685537201204,0.39945176867662924,17.84313081525418,9.525164331374127
2001-10-25,18.455442211918378,-0.014126435374202773,18.480273779166893,9.561038313291323
2001-10-26,18.905238448692515,-0.4031106945403057,17.778089834124476,5.275785986274479
2001-10-27,17.127303696291303,0.32325118831464683,17.555404233712306,5.0954113439945
2001-10-28,15.809170999941177,-1.0506200458659163,19.20068511448514,5.201532903626795
2001-10-29,17.0507493199012,-2.1556619322507067,19.808949436395643,5.049251960058251
2001-10-30,16.979002123844534,-1.6839940643651339,19.793409861399795,5.026282937387332
2001-10-31,17.836783220258074,-3.91406237025117,18.69490649010424,6.3152457088737926
2001-11-01,16.729627293620016,-3.688815763037995,18.235473702450175,7.1393994882708105
2001-11-02,16.740130579075412,-4.401594368073352,18.707559360628565,6.733214906647877
2001-11-03,18.75287046668302,-4.361622414362797,18.049795260973323,6.532648979076094
2001-11-04,19.4819018125264,-3.2572266041634217,18.21530330006329,5.147224298223783
2001-11-05,20.521931958865974,-3.3083032372616934,16.770661512164786,3.868680875707506
2001-11-06,20.40783229970711,-3.9606407889121833,16.60885402994806,3.729405699405609
2001-11-07,21.867650162774762,-1.9836179740596132,15.6671198297633,3.4424898861433646
2001-11-08,22.199741888488624,-1.1269914486331736,16.769911334993964,3.283456904574249
2001-11-09,22.044242841221656,-0.3080626520958152,16.55370844590612,1.023548149683012
2001-11-10,20.928451037315966,0.3080237018780011,16.90653525022106,0.8687994187184945
2001-11-11,18.8863951136489,-1.6548187911956114,17.398855472248098,-0.3418571202443469
2001-11-12,19.427719311385715,0.2463702101354619,16.755131078903485,1.1794797338845533
2001-11-13,17.931227599085705,-0.8443075952169303,16.286763262996875,1.3228387463928724
2001-11-14,18.7449025594983,-0.7565376305159578,17.568557120344725,1.9359945552622269
2001-11-15,17.528859159211294,-0.06604839314092292,18.011771860228965,3.3200455344407116
2001-11-16,16.097041725366587,-0.42258598393313335,18.141174144714387,4.001140029893456
2001-11-17,15.547573472483402,-0.6755456469128585,17.843414155720307,3.3029085983435773
2001-11-18,15.911361508171879,-0.21156607889925588,16.04962324760918,3.1333904205310326
2001-11-19,17.138446144599257,-1.2880873462029965,16.707881348738155,3.884026546931493
2001-11-20,17.82946615816361,-0.633863673629469,16.64587854068135,4.316365099343729
2001-11-21,17.639623729757787,0.1602990131731118,15.77702424798681,4.106006373180886
2001-11-22,18.90730957036832,-0.10862365092454951,16.480665551907812,3.3457926042196355
2001-11-23,19.442969990297012,1.3071051127694122,18.083278389169294,3.949968183129713
2001-11-24,21.540796885303877,1.6213230533818028,19.668136381353946,4.592527562160607
2001-11-25,21.19692591161382,2.653245797340195,21.403676127226984,3.775468505342961
2001-11-26,22.19070874459201,2.537053108921634,21.82269184749757,2.251966030357372
2001-11-27,21.834059280124027,3.0866185091619665,21.384621269117215,1.6544670320704757
2001-11-28,21.64554721249222,0.7582212608954073,20.625306372863363,1.9115802963117514
2001-11-29,21.45104681866428,1.6866480617836523,21.689073880257542,1.4303854990230707
2001-11-30,22.186978936806973,1.722360304099217,20.983838670095803,2.004813211657821
2001-12-01,21.239566434222795,0.5762205431941474,19.787675392399375,1.9757771533884414
2001-12-02,23.628001039632345,0.3524394851369744,19.270117517363268,2.728804180092984
2001-12-03,24.943388851107503,-1.240453773367076,19.608889416309452,5.149000429486296
2001-12-04,23.814190019387695,-1.6110724768430016,19.413212588448875,4.658555119556334
2001-12-05,24.062599551728503,-1.3453272877888889,20.435323756905085,5.002441717541738
2001-12-06,23.095126478569163,-2.959542991681041,20.450089789408935,5.381480599815591
2001-12-07,23.531707451275288,-3.0492190012081863,20.588559171548095,3.654759725465528
2001-12-08,22.879527481834863,-3.3716199751304585,19.25481681174654,3.952343369988491
2001-12-09,23.39554602721089,-5.738388101495489,18.733272246255456,2.3257997386896783
2001-12-10,24.289336067806328,-3.949515136889696,20.944717579325076,1.1199966720539651
2001-12-11,22.909222493491445,-5.308680824888623,21.155308396335737,-0.8298089214354454
2001-12-12,21.89601872884259,-4.954361056286043,21.679614513719372,-1.0364402138985678
2001-12-13,20.508653639660412,-3.7883870098759633,20.94939307413454,-0.7876140526724849
2001-12-14,21.51782420723848,-5.050244679894397,20.650353832039997,1.0445616269969675
2001-12-15,21.689222268217694,-4.461343412618457,20.891693185048343,0.18792282971304664
2001-12-16,21.512074704974378,-4.244307091755641,20.264115121030926,0.24908074449572926
2001-12-17,19.10025703497899,-3.419226240438897,21.31495863626941,-0.35438271601920635
2001-12-18,18.63022329296441,-3.2279815453454748,22.043753594876783,0.16372356392058862
2001-12-19,19.172221723529418,-2.545994020564976,21.323914634863144,0.8091359581470037
2001-12-20,18.583849323874873,-2.396295538461545,20.53129993174161,-0.6522852554218064
2001-12-21,18.26534791531221,-1.7171659650714854,22.334907632955733,0.6090986272123768
2001-12-22,18.415049855839495,-2.148342608552663,20.85458579199395,0.3407025080026793
2001-12-23,17.53934883481871,-2.577541139228196,19.00507509103067,1.446961851149914
2001-12-24,17.547387205874184,-2.0780083094674087,19.344902253416837,2.312409768817621
2001-12-25,16.812190880866293,-1.8001749177108435,20.46220324834274,1.737665325122718
2001-12-26,16.972435595751353,-1.7885671610230651,21.726636336689367,-0.005017225355000932
2001-12-27,16.617946748212045,-3.102967474884668,22.93243047079177,-1.0651803483475273
2001-12-28,17.276656960447195,-3.1186811093036737,21.992943568729544,-2.824126769185464
2001-12-29,16.190815320833778,-3.9036002460194195,22.094538283181386,-2.663327356614201
2001-12-30,15.513065309354257,-2.990798191465969,20.367940883327257,-1.2673315710356006
2001-12-31,13.489480247968427,-1.7297454034691953,20.016038788059454,-1.0341674296740728
2002-01-01,12.82825015353389,0.3991058457312997,18.263333705033634,-0.3947130491216234
2002-01-02,12.222069261149771,2.387730022639777,17.298514566226334,0.23999680371854926
2002-01-03,11.606988330584626,0.473179510514532,16.524944443942296,-1.3303200705147589
2002-01-04,14.21392156264293,-0.07701625938305012,18.12189934265327,-0.9091660012112945
2002-01-05,12.502685840978112,-0.8409294532334849,18.470384324319195,-0.6803355294926086
2002-01-06,13.448058240568372,0.18019180036139903,18.39507174098484,-0.7466300126982598
2002-01-07,14.239518710708388,0.7879164441877176,18.191855330667153,-1.3099390124580372
2002-01-08,14.500681221679928,3.66705161169219,16.123014074611024,0.593394510116861
2002-01-09,13.810879522568614,3.859242595375067,16.420035705284874,0.38863347486727173
2002-01-10,14.06827073955858,4.914319617302838,16.28522257380194,-1.054496002201597
2002-01-11,13.534960546662159,4.376859449303125,16.2938774154773,-2.1131333827605343
2002-01-12,14.51485882653966,4.057901628425372,16.877142632388036,-1.9200539029784562
2002-01-13,13.671066963640797,4.722104685169575,16.66419462376374,-0.8425233181403713
2002-01-14,13.460376074188972,5.492109533481365,17.738914654010312,-0.05268772889127227
2002-01-15,12.515229184504618,4.817067934225452,17.035490617803056,0.41318430193280103
2002-01-16,11.428057091202595,5.687793697494929,15.901346256703043,0.3552520794525278
2002-01-17,12.650091003375689,5.728431312406509,15.927813624973664,0.11997310260827737
2002-01-18,13.105517215788831,5.044401349413611,16.42549203065771,0.5194375960818509
2002-01-19,12.864794861807578,4.28141466747884,14.557110078347527,2.040449552169696
2002-01-20,13.533017107752102,3.8904759322853946,15.435355586270989,1.9917602080626673
2002-01-21,14.782428504015682,5.024976587840431,16.050061229450023,4.064644946380575
2002-01-22,15.088035042943467,6.707295477633554,16.883607850739825,2.8720956958460335
2002-01-23,15.21731508722181,6.41030501470047,18.29326154098563,3.5602624133038376
2002-01-24,16.221716401477615,7.753475670650502,18.737329939778093,3.0229286622893854
2002-01-25,14.469467538265594,8.307456482662474,19.574030249511008,4.146214384618822
2002-01-26,16.05560781729638,9.393636827752172,19.609044761434138,3.600032565564903
2002-01-27,16.184582416525057,9.458568493395642,18.617116743167117,3.9363758209412314
2002-01-28,16.79104577533814,8.654694077892605,19.321859190550114,4.369287266857334
2002-01-29,18.27148585033966,9.107198952962328,20.291107921847473,1.8688406122825305
2002-01-30,18.21684731506598,8.945204297588068,22.808692753586982,0.9681404544563239
2002-01-31,18.978984858725294,7.675153794089404,21.340896520000037,1.1665621388694383
2002-02-01,19.32386974040771,8.38347485247778,22.08889213279032,1.8773521614417907
2002-02-02,20.082923695552783,8.980118960237746,21.765274468090972,0.80961604509626
2002-02-03,21.556434951452314,8.361864201597319,22.991859673042455,0.612878513558333
2002-02-04,20.227307584317447,8.227652054538705,22.298490984525102,0.09703817904301315
2002-02-05,19.804291416596556,8.752764186668891,23.10683726876737,0.005680949840714725
2002-02-06,20.62820237970244,10.830455849801442,21.925106303180577,1.0915207876436694
2002-02-07,17.888404438828417,10.437229921177751,21.645586770076555,2.2343405677046233
2002-02-08,17.754678660723442,12.118601366438334,21.236709231660825,1.4825748702534454
2002-02-09,18.882799180025565,11.971966445521812,21.852451325235183,1.4943720081969614
2002-02-10,19.741731428668047,11.27938145722503,20.81572612911601,0.09565519753382068
2002-02-11,19.879958879552774,9.922914465806311,19.891628555812723,-0.05292620668677209
2002-02-12,19.801007549554896,9.33556958139381,20.46471154460074,-0.22404298849234947
2002-02-13,18.868083763385787,9.891532432883128,22.18126194073551,0.875529137921062
2002-02-14,19.57660918676905,9.7508194096901,22.485171762843976,0.5664511665140632
2002-02-15,20.039315783428187,10.691821568152053,22.22900786969971,1.1663542224589158
2002-02-16,19.522134428362193,10.158469341102442,21.459367935917268,0.9505351142797073
2002-02-17,20.348167434966157,10.965224535338583,20.563754063105957,1.9110951185273728
2002-02-18,19.74057079946737,10.744657704749619,21.777926956445757,1.5354733716419453
2002-02-19,21.897389169296147,11.207906242472786,20.93043510595807,2.2396630625223066
2002-02-20,22.19479343560414,10.385327138419754,20.985815376583364,2.2803580124926626
2002-02-21,21.550986319387285,8.34967668223216,20.033251471804675,1.583245245566419
2002-02-22,20.8810849239436,7.319855910292555,20.094048030131844,1.8166457739927286
2002-02-23,21.393727113038366,6.037144352062376,18.95256291827077,1.325183169675429
2002-02-24,20.17977120537183,5.2151523055108315,18.996213706215716,0.7210905489013821
2002-02-25,21.385461159544345,2.6603389743786408,17.690928035402294,-0.11630744772436064
2002-02-26,22.771299059885223,4.182022134381905,18.71411901737229,2.185122917217784
2002-02-27,23.811831709806413,5.887540998235378,19.13100154162453,2.728543882443675
2002-02-28,26.723945268919252,5.807292351282548,18.590105612300842,2.458928702871618
2002-03-01,25.25791008034052,6.325176593962642,19.077397895090694,1.988212425412296
2002-03-02,25.32395704081466,5.117682624622272,17.14513680283968,3.769196142086325
2002-03-03,25.09335646679898,4.9123531259130635,17.56140146327999,3.443767299122995
2002-03-04,24.358168024183854,5.522581485815375,15.947063853988896,1.76393014019323
2002-03-05,22.67489486621579,5.566421972595703,16.39009868325774,2.8983144594721377
2002-03-06,21.47052280120739,5.308100396434876,17.081785657126876,2.961476434303158
2002-03-07,21.1194201563231,6.997430179101703,18.450251337215892,1.3372358793866326
2002-03-08,20.927597887824252,7.161020621789944,19.066239020328688,1.6886820642339018
2002-03-09,21.353171470543614,7.129259950268552,19.24677936835609,2.2065171564159773
2002-03-10,20.921283904486796,6.769207232702945,20.971818910566522,0.7441331986596149
2002-03-11,18.691902695911743,6.979388102190291,21.034033656658462,1.2849247881298713
2002-03-12,18.147459175315177,7.820717922751507,19.883104533050982,1.5594425358281345
2002-03-13,18.06742879870239,6.156801801739964,19.76692092039034,0.8655752616230128
2002-03-14,18.33198432018709,7.818048800307614,18.808601058280022,2.3281054790214366
2002-03-15,17.277183174100223,8.06737109844489,17.880227227302615,2.044655478608423
2002-03-16,19.41143155265711,9.081942188284245,18.470743211905532,1.2413760880414026
2002-03-17,18.801455164895238,7.808428115236752,18.40131674349441,0.3865179422518489
2002-03-18,17.23635266736691,10.439579232282991,16.881394109349134,0.8459556334541901
2002-03-19,17.528907305994334,9.037493327917314,16.21157474007937,1.2233212269002876
2002-03-20,18.195577475184695,7.914038410464257,19.066478589124806,0.11894800676500328
2002-03-21,17.874071346259313,8.370483157157457,18.443034491712652,1.1688880218690574
2002-03-22,17.987307720870255,9.083552277949554,19.1133431525005,1.086349619851202
2002-03-23,16.384089356451724,9.628843900293374,18.01237456350175,0.6978653214912733
2002-03-24,16.992484505892943,8.483408053205444,19.153480772352086,0.2930480028607143
2002-03-25,16.94823497081443,9.531386131251637,19.214264661838254,-0.3350486208263501
2002-03-26,17.650226854352148,8.460493359735313,19.131400873418507,-1.8280288761991794
2002-03-27,17.62457884863862,8.956176308987486,20.792063287162744,-1.884084309218562
2002-03-28,17.716146990370568,9.38117938146262,21.909390603638325,-2.798508649552212
2002-03-29,17.66724220418299,8.879079280059006,21.382683827007803,-2.9667431644707745
2002-03-30,18.15852618583922,10.339123200677927,21.195908927722265,-1.9950307778257368
2002-03-31,18.417512872381863,8.336213861747389,20.724161797957933,-2.3069593751914157
2002-04-01,16.779730852524843,7.583330314629934,21.23497917074338,-2.9633822326525117
2002-04-02,16.483084332259182,7.896613884083479,21.260621856347868,-2.6902360293134375
2002-04-03,15.658952839709958,6.9890941138712295,21.883563421915397,-3.0336681823353984
2002-04-04,14.744988206447255,5.843391384762349,21.758036557962782,-4.1479947464938265
2002-04-05,15.212003983331702,6.378253631288909,23.387192502577072,-3.548832873735022
2002-04-06,16.586059304641232,6.2238379579201535,23.400593729279645,-3.721086902691876
2002-04-07,16.89013169710154,7.159549801004999,23.51012501226926,-4.424799536360165
2002-04-08,17.257905755926384,7.32303273991536,22.663919286691655,-3.7694769800729806
2002-04-09,15.942579816671419,7.781270641116167,23.06517368194846,-4.225712277421533
2002-04-10,16.135788564476567,9.19535962204236,23.836991801475573,-5.054074243714576
2002-04-11,18.48589186947429,9.478490677182712,25.435209222920395,-7.474485835897653
2002-04-12,18.135724873715816,8.237256295687288,22.0780456451622,-7.759838581294968
2002-04-13,17.87382625020588,7.2369033635518765,21.431517038752403,-7.151701729165767
2002-04-14,16.426135543495043,6.695501279512406,21.343910673072372,-7.267643681168555
2002-04-15,15.478766932691773,6.967216891875173,19.452248889869622,-9.131382416279656
2002-04-16,15.092004290759931,7.087511433316711,19.200968666409786,-9.304753266684944
2002-04-17,15.83350102107851,5.6942986478526,19.13897600965811,-9.838379889224427
2002-04-18,17.60235350427051,4.478868679233419,17.81549802685218,-8.87603152021323
2002-04-19,18.713427685586943,3.9580459652386084,18.544863554465245,-10.506544642693814
2002-04-20,18.381717005051744,4.623128874512801,19.236900512165803,-9.809874385777203
2002-04-21,18.66934983796893,2.989483827442635,19.00366239098474,-9.869642296784374
2002-04-22,18.984340129051677,4.057556499176017,18.53681300851857,-10.553661394323715
2002-04-23,19.776363086099725,3.1230299634442718,18.58199289230511,-11.365676719228306
2002-04-24,20.075175894895207,3.523505141809711,19.04637010151239,-11.238260285516219
2002-04-25,20.66773721268164,3.9267373119598563,19.28916068008268,-10.196203748450609
2002-04-26,22.150009200017447,6.252259016064096,19.063002323391828,-10.49466521732405
2002-04-27,22.112781023221686,5.895131694301046,18.01534012273319,-9.663449178977244
2002-04-28,21.277740165519706,5.515660152449279,17.834093849903756,-8.57244456435394
2002-04-29,22.40326160637934,4.481236739563252,19.222795337039745,-8.266388602700184
2002-04-30,20.113506780463684,4.896158979216909,19.204686549846706,-9.839006273047229
2002-05-01,19.358528964247938,4.389807456996506,18.504321989912484,-9.524777203816686
2002-05-02,20.210707581260042,5.654244471389985,19.066161333935067,-8.925160279482679
2002-05-03,18.800573258259682,6.079952879701619,18.386192968847357,-9.836055242753265
2002-05-04,19.709147323931266,5.37576322846052,19.284417429828753,-8.93796694125865
2002-05-05,19.348310535176747,5.967356923973917,20.654741388965494,-8.86424986408538
2002-05-06,18.704112119655715,5.0822443827080095,21.50838976887772,-8.695610559748381
2002-05-07,18.002733876091042,4.9132941763552855,21.073556675106946,-10.031109722297794
2002-05-08,17.681298006194133,5.608877255608644,22.171758262158757,-10.746425633755802
2002-05-09,18.46831242199606,6.728230390924483,22.91629312134773,-9.39339162703714
2002-05-10,17.233254726992772,6.1596378527221205,22.740676974115974,-9.405340981591758
2002-05-11,17.43342103092748,6.409393116765906,24.537285027146055,-8.490900265520995
2002-05-12,17.320596570762316,6.448037863540287,24.66903474233598,-9.02542694122202
2002-05-13,18.160377723194596,7.675618993359912,24.124916494863815,-8.686108339203237
2002-05-14,18.15495790077758,7.4364431395334165,24.686370970940995,-9.677050013901255
2002-05-15,18.543688380659145,7.040146250568587,25.41783834427692,-8.363038740706497
2002-05-16,18.262412085077283,8.565702559408344,27.004174139308674,-7.804633333095501
2002-05-17,16.887970585114033,10.260445798343389,27.244779310815318,-7.4427059852217585
2002-05-18,17.735614709051806,10.559981668860365,26.620704798871834,-6.9839910796992966
2002-05-19,17.114174467379918,10.67264333996737,25.712051461727327,-7.719054910037057
2002-05-20,17.480808022556417,11.52800406456509,25.130606717294945,-8.360195293852687
2002-05-21,15.424553508853837,10.661368037559951,25.33361124280407,-6.345433850733084
2002-05-22,15.933536430777096,10.67563137556205,25.480125064188446,-5.251297113998545
2002-05-23,16.12561325736633,12.192194823768718,25.31654131674592,-5.990168973095798
2002-05-24,16.461238808715112,13.486034739037246,24.79010147504526,-5.732772859521617
2002-05-25,15.680291098841497,12.202082596035758,26.260283988748,-5.3782688360842155
2002-05-26,14.393351613268969,12.604754936324284,26.51312133264976,-5.975084177179259
2002-05-27,14.336104496582148,13.337096994362788,25.929464971777993,-5.448768329561401
2002-05-28,16.581575933509082,10.953775459791956,26.730053671674266,-5.36244675892207
2002-05-29,18.60582035332842,10.555522666852179,26.44278860906901,-5.064621700766434
2002-05-30,18.224497929883537,11.411715880360617,24.872543581598013,-5.886348885942395
2002-05-31,21.0767111896948,13.699567421737639,24.78183890942044,-4.624989187843505
2002-06-01,21.399837777231824,14.264130641402499,24.476560654051244,-5.314454231866242
2002-06-02,22.74987327036202,13.82705132922741,24.925769526098602,-4.598110886181707
2002-06-03,23.78100286123678,13.696973689560417,23.975304674838792,-6.027453376906342
2002-06-04,25.208897381839517,13.660388803004277,23.325803361002396,-7.221163418787217
2002-06-05,25.46150844526416,14.689085783542037,23.755175634431268,-6.791553716372813
2002-06-06,25.89383589528409,14.724102933726552,22.897122996534904,-7.665361000645908
2002-06-07,26.756025698196105,16.022393285772388,22.903144945717322,-8.56199435556262
2002-06-08,27.22749013171319,16.124808641882336,22.701511838101258,-7.836325852185024
2002-06-09,28.633834878956467,16.197471445677216,22.59456761124718,-9.054151167864955
2002-06-10,28.99833807957045,14.498723745645442,21.883240085581857,-9.08795025846871
2002-06-11,26.749648992768602,15.753358884655785,22.155886608823774,-8.981067761098187
2002-06-12,26.62870704457652,15.905627112661753,21.067210543125764,-8.981185503243097
2002-06-13,25.726730369671298,13.994703606062002,21.276755520693357,-9.480276818060226
2002-06-14,24.413195361628652,13.822264061881707,21.64428107980768,-10.68612109561291
2002-06-15,26.449432968913545,14.155147005286306,21.995533222564696,-10.515207796537014
2002-06-16,25.525949167029246,15.129440682325681,21.87737870083128,-10.543298092812496
2002-06-17,25.574931942578637,14.557286058009167,21.356749155004838,-10.877483243122173
2002-06-18,24.756196813436116,14.500255416315836,22.250655514232378,-9.53066927043804
2002-06-19,24.832401219629077,14.592458359038304,22.34221431492093,-9.291682607018995
2002-06-20,26.064804339402603,14.428739761930798,23.673841242211868,-9.856580025024497
2002-06-21,24.6821615507488,13.856540005886632,25.233995105585674,-11.088450897351574
2002-06-22,24.2619098712832,12.38111275624104,24.899627585321987,-12.567853192471654
2002-06-23,23.701135801469388,12.566838688252009,25.54695569510462,-11.994577765878617
2002-06-24,21.629100191182133,11.93573383611527,24.596000641211504,-10.439033415787632
2002-06-25,21.87843060610417,12.009104046003921,24.916492135425088,-11.232866185260118
2002-06-26,20.31448655524311,11.469882249864682,24.172046641326887,-11.160849513086221
2002-06-27,20.380946929351385,10.239854608981783,23.298050813386723,-11.230416296131512
2002-06-28,19.93747712076386,10.771230165064987,24.69832871547539,-11.949997629453984
2002-06-29,19.120234764329464,11.843936783720626,23.35104362935239,-12.696846084139152
2002-06-30,20.650222899301852,13.729057235019713,22.763862470821536,-13.787227661202762
2002-07-01,19.26736245494747,12.795826441806161,22.778283631903903,-14.197739201345975
2002-07-02,16.871257214195943,14.839836041850106,23.0811949234459,-14.898907517190827
2002-07-03,15.699508398863284,15.575677503417316,24.799181374033182,-14.962535975684757
2002-07-04,14.479550540780478,15.486989466896341,23.744985067376422,-14.758673722351809
2002-07-05,13.730044131522579,16.608709383145072,22.940357031493523,-15.67000423671642
2002-07-06,14.28798583536983,15.245097090385427,22.89667643663849,-13.36793637255454
2002-07-07,18.59174896382938,15.693051475822651,23.12447612523236,-13.962767794326037
2002-07-08,18.520918511791184,16.89370603882493,22.34308239031494,-13.748727794570684
2002-07-09,17.20017854780415,17.109523305728032,21.224000485020177,-12.858445694676961
2002-07-10,17.22225141647917,18.028933307943568,22.631404018703446,-13.482318428828904
2002-07-11,18.062957531923185,18.415556648007716,21.691663924734097,-12.551136387548242
2002-07-12,18.74035659097889,16.801699206736828,21.789027032454662,-11.510453540164486
2002-07-13,18.34038559803309,14.938547021011521,22.053084837801254,-10.789691622059172
2002-07-14,19.91362831496717,14.263149137326165,22.411979786475783,-11.259542220145082
2002-07-15,21.46202094110504,13.337828742396567,22.201145623886383,-10.49632207007272
2002-07-16,20.108808391875286,14.365391244273644,21.158174354463302,-11.663084657670488
2002-07-17,22.07823603062362,14.81025426753489,21.512584537723725,-10.718292251105721
2002-07-18,22.563957220352897,15.061735150320384,21.577524652840797,-10.335625309589721
2002-07-19,23.201299783502183,15.7386940182017,21.963617426766948,-10.25203795933509
2002-07-20,22.511189569465287,15.387426973158593,20.96878870726922,-9.36842178177443
2002-07-21,21.0527199278525,15.353405544721932,22.002354231044002,-10.241435950351706
2002-07-22,22.144976489402122,14.143374835651294,22.65312153902091,-9.93095297705
2002-07-23,22.03310886918532,15.112871360661181,23.238092497775572,-11.38665896232588
2002-07-24,22.36730536863718,16.186209558615055,23.479061726231656,-10.767837165193518
2002-07-25,22.769877024289062,17.29372198177305,24.073654853848776,-9.657289720731216
2002-07-26,22.655433573991044,17.153411508393884,25.892522862401965,-9.989124854340565
2002-07-27,22.735968171764437,16.25117386294891,25.56316450447175,-11.234254961891553
2002-07-28,24.061497871874835,16.08649613177319,25.35076172197018,-10.444644117270599
2002-07-29,24.160228512499607,16.75730056642697,24.327132837111364,-10.211002965604008
2002-07-30,23.50473495534816,15.321481060574472,23.414752917105023,-9.622549014786873
2002-07-31,24.35785061779797,14.81232187106367,23.241468879065916,-9.701244147765435
2002-08-01,24.2472230781698,16.225899136264115,22.60103764991576,-12.261337911491772
2002-08-02,25.545060129539472,16.804713101799205,23.60105361912627,-12.580687458433479
2002-08-03,26.33368636458589,16.133337732562627,23.24597539530611,-12.184942865631143
2002-08-04,25.612712910532352,14.971920236697319,21.83781995382022,-11.725636810327217
2002-08-05,26.73063756929764,14.992130413010534,22.031041864760258,-13.729558814346824
2002-08-06,27.585500609368275,13.583885828184352,22.073983377876885,-13.959711921211102
2002-08-07,26.302524407226567,13.743239972920179,19.350936989625335,-14.597427153873705
2002-08-08,25.144232678217694,12.878487555574086,19.0297103733539,-13.33105671742052
2002-08-09,25.774751194545807,11.959805858062765,19.888769587897603,-14.849571302655646
2002-08-10,26.6992781250755,13.10231659563292,19.6754210866715,-13.383095021364948
2002-08-11,27.69690751142123,13.706872365825594,18.829920754718138,-15.541007185749352
2002-08-12,27.811160689125852,12.297340653758143,19.195964576708437,-15.493896312608637
2002-08-13,25.155491342672924,13.257084243374656,19.19403266674136,-15.756588059096838
2002-08-14,25.018338748055747,12.684705513428334,19.20091608231115,-16.165689678998124
2002-08-15,26.007771397115004,11.377652219929706,18.52680583552255,-15.2044803641902
2002-08-16,26.176211146241734,12.421505776719371,20.05979191854045,-14.060338709934632
2002-08-17,26.081009947454213,12.147092842081829,20.062724316155514,-14.589192397551471
2002-08-18,26.954428647609607,11.611676127970364,19.89660396975793,-13.343618701469783
2002-08-19,27.724022529673128,10.5332077478843,20.119199086636876,-12.753470454985521
2002-08-20,28.463935904670652,9.914337111364873,18.90396197373456,-13.173988443242951
2002-08-21,29.510626526207652,9.995526084767894,18.421620295855575,-13.03347402045548
2002-08-22,29.05357238386683,9.618749854911675,17.62432212948358,-12.911922376993505
2002-08-23,28.265838185557367,11.809380630851514,18.99371934770905,-12.642058726115797
2002-08-24,29.814542116628203,10.689380022597526,20.440423174253088,-12.623727043820452
2002-08-25,29.700558721515193,12.235189557292268,21.322482934219753,-11.688324429162659
2002-08-26,28.237328602899076,12.564218173462715,20.983808050242978,-12.565699301388795
2002-08-27,27.829190847274052,13.013766071127897,22.550864492376235,-12.595265467970679
2002-08-28,28.990683802201776,11.160248216655116,20.102477711387582,-12.710449971471512
2002-08-29,27.725812036478022,10.755090745468836,18.575635371128808,-12.031413550794433
2002-08-30,28.303453003842723,10.377858630718658,17.97335354666262,-11.34030703139347
2002-08-31,28.326236122203955,10.73269032850274,17.781800477767504,-12.873281984695955
2002-09-01,26.557789945740083,9.723175034957231,17.296714667964345,-12.321560696464772
2002-09-02,24.778645471054098,8.886571841950822,18.961213436042243,-13.128032857933908
2002-09-03,25.30464478787599,8.968841187566472,19.76110566584264,-12.254162756798335
2002-09-04,26.164668667611817,11.235407837625258,19.686501889192968,-12.834640588505481
2002-09-05,26.404885477816094,10.532271684721401,20.436110225678966,-11.482169819317297
2002-09-06,25.937590664274982,9.156505790411039,21.543822227630923,-11.760917976673982
2002-09-07,27.892024632902,8.063933015377371,23.04194066581296,-11.993633722843752
2002-09-08,28.006148101603344,10.09593928004377,21.92146514703082,-11.982055598594869
2002-09-09,27.475759527531267,10.951956164626331,21.817505310075884,-12.673554981511547
2002-09-10,27.19024243775649,11.066965008289726,21.015803457197148,-12.21124030218392
2002-09-11,26.486056420910646,13.536643425930691,21.42297846358874,-13.121270526723517
2002-09-12,26.033588657287474,12.584634745244509,20.14482004634751,-11.682287047583252
2002-09-13,24.504561798496866,14.316238702045482,20.333102633505767,-11.18826296414055
2002-09-14,23.876625146315842,14.250743330933643,20.71061482730656,-11.538611534098738
2002-09-15,24.93850531825066,13.67566788717549,20.94072694850273,-11.943143547481887
2002-09-16,25.92780642294815,13.645407005482225,20.07244025007482,-11.054921846256281
2002-09-17,25.52869827308296,13.916340428286702,18.819763754799563,-11.723252518174139
2002-09-18,26.732096742928864,15.506191242516445,18.4513645377846,-9.893632764926297
2002-09-19,26.830829064331144,15.271648759086517,18.56085922835977,-9.830523547721205
2002-09-20,25.951653271618124,14.40522483958977,18.015589614976204,-8.6195146693961
2002-09-21,25.426088562274256,14.51859343919413,19.466799738693773,-8.975333231220304
2002-09-22,25.75358261691771,12.927956889772476,19.398084435093796,-8.270270309881138
2002-09-23,25.845012047252972,12.250335695707463,20.94488591559116,-8.126090246095636
2002-09-24,24.685896440294854,11.711657637926617,21.12136284967451,-8.916059664122278
2002-09-25,24.30062385651301,10.4168407285532,22.24886352289486,-8.641439160144529
2002-09-26,24.636038528056194,10.205426334977073,22.13827507210768,-8.42498383121757
